{"schemaVersion":"1.0","appDefinitionTemplate":{"id":"/providers/Microsoft.PowerApps/apps/","type":"Microsoft.PowerApps/apps","tags":{"primaryDeviceWidth":"640","primaryDeviceHeight":"1136","sienaVersion":"1c937907-1438-464f-bc01-b9deddfa3f73","deviceCapabilities":"","supportsPortrait":"true","supportsLandscape":"false","primaryFormFactor":"Phone","publisherVersion":"3.21042.21","minimumRequiredApiVersion":"2.2.0","hasComponent":"true","hasUnlockedComponent":"true","isUnifiedRootApp":"false"},"properties":{"appVersion":"2021-04-30T18:11:58Z","lifeCycleId":"Published","createdByClientVersion":{"major":3,"minor":21042,"build":21,"revision":0,"majorRevision":0,"minorRevision":0},"minClientVersion":{"major":3,"minor":21042,"build":21,"revision":0,"majorRevision":0,"minorRevision":0},"backgroundColor":"rgba(0, 176, 240, 1)","backgroundImageUri":"/12380802894476259734/N4383ea36-49be-4bdd-b1c9-8909818c3623-logoSmallFile","displayName":"ABATherapy","description":"","commitMessage":"","appUris":{"documentUri":{"value":"/12380802894476259734/Na19386d7-3860-4043-98fd-a1101d3bc7cf-document.msapp"},"imageUris":[]},"createdTime":"0001-01-01T00:00:00Z","lastModifiedTime":"0001-01-01T00:00:00Z","sharedGroupsCount":0,"sharedUsersCount":0,"icons":{"smallIconUri":"/12380802894476259734/Nef50d43d-47b3-4868-a594-f5bb5fd6051b-small.png","mediumIconUri":"/12380802894476259734/N9819d4e9-9258-49c3-9376-e8afed0f308f-medium.png","largeIconUri":"/12380802894476259734/Nb3ffd544-10d7-4797-b4ba-a9d6e83aaabc-large.png","wideIconUri":"/12380802894476259734/N741e1a8a-07f8-4a3b-becd-26d515d6cbf9-wide.png"},"connectionReferences":{"cd0782a1-bef1-45be-9df9-aa4cfee25970":{"id":"b0deb319-6c5e-478d-bf11-7c8198054960","displayName":"Azure Blob Storage","iconUri":"https://connectoricons-prod.azureedge.net/releases/v1.0.1463/1.0.1463.2403/azureblob/icon.png","dataSources":["AzureBlobStorage"],"dependencies":[],"dependents":[],"parameterHints":{},"isOnPremiseConnection":false,"sharedConnectionId":"5c1d8a2e-768d-4458-8f80-60ecd8be18a3","bypassConsent":false,"dataSets":{},"apiTier":"Premium","isCustomApiConnection":false,"actions":["ListFolderV2","GetFileContent","ListRootFolderV2","CreateFile"],"endpoints":["powerapppoc"]},"66d9568d-977b-4056-a12c-ac1c3e177e7c":{"id":"0a2e0adc-2591-4894-8776-4b9b025a55d9","displayName":"Power BI","iconUri":"https://connectoricons-prod.azureedge.net/releases/v1.0.1456/1.0.1456.2375/powerbi/icon.png","dataSources":["PowerBI"],"dependencies":[],"dependents":[],"parameterHints":{},"isOnPremiseConnection":false,"bypassConsent":false,"dataSets":{},"apiTier":"Standard","isCustomApiConnection":false}},"authorizationReferences":[{"resourceId":"powerbi"}],"databaseReferences":{},"almMode":"Environment","performanceOptimizationEnabled":true,"canConsumeAppPass":true,"executionRestrictions":{"isTeamsOnly":false,"dataLossPreventionEvaluationResult":{"status":"Compliant","lastEvaluationDate":"2021-04-29T14:14:05.3740852Z","violationDetails":[]}}},"isAppComponentLibrary":false,"appType":"ClassicCanvasApp","appComponents":[]}}